商品名,価格(円),評価
A Light in the Attic,10923,3
Tipping the Velvet,11339,1
Soumission,10571,1
Sharp Objects,10090,4
Sapiens: A Brief History of Humankind,11442,5
The Requiem Red,4779,1
The Dirty Little Secrets of Getting Your Dream Job,7034,4
"The Coming Woman: A Novel Based on the Life of the Infamous Feminist, Victoria Woodhull",3783,3
The Boys in the Boat: Nine Americans and Their Epic Quest for Gold at the 1936 Berlin Olympics,4768,4
The Black Maria,11003,1
"Starving Hearts (Triangular Trade Trilogy, #1)",2951,2
Shakespeare's Sonnets,4359,4
Set Me Free,3684,5
Scott Pilgrim's Precious Little Life (Scott Pilgrim #1),11033,5
Rip it Up and Start Again,7389,5
"Our Band Could Be Your Life: Scenes from the American Indie Underground, 1981-1991",12079,3
Olio,5038,1
Mesaerion: The Best Science Fiction Stories 1800-1849,7931,1
Libertarianism for Beginners,10830,2
It's Only the Himalayas,9530,2
In Her Wake,2709,1
How Music Works,7874,2
"Foolproof Preserving: A Guide to Small Batch Jams, Jellies, Pickles, Condiments, and More: A Foolproof Guide to Making Small Batch Jams, Jellies, Pickles, Condiments, and More",6439,3
Chase Me (Paris Nights #2),5331,5
Black Dust,7285,5
Birdsong: A Story in Pictures,11529,3
America's Cradle of Quarterbacks: Western Pennsylvania's Football Factory from Johnny Unitas to Joe Montana,4747,3
Aladdin and His Wonderful Lamp,11210,3
Worlds Elsewhere: Journeys Around Shakespeareâs Globe,8503,5
Wall and Piece,9321,4
The Four Agreements: A Practical Guide to Personal Freedom,3726,5
The Five Love Languages: How to Express Heartfelt Commitment to Your Mate,6551,3
The Elephant Tree,5026,5
The Bear and the Piano,7783,1
Sophie's World,3363,5
Penny Maybe,7024,3
Maude (1883-1993):She Grew Up with the country,3802,2
"In a Dark, Dark Wood",4141,1
Behind Closed Doors,11018,4
You can't bury them all: Poems,7095,2
Slow States of Collapse: Poems,12092,3
Reasons to Stay Alive,5572,2
Private Paris (Private #10),10045,5
#HigherSelfie: Wake Up Your Life. Free Your Soul. Find Your Tribe.,4876,5
Without Borders (Wanderlove #1),9509,2
When We Collided,6703,1
"We Love You, Charlie Freeman",10606,5
Untitled Collection: Sabbath Poems 2014,3010,4
"Unseen City: The Majesty of Pigeons, the Discreet Charm of Snails & Other Wonders of the Urban Wilderness",9321,4
Unicorn Tracks,3962,3
"Unbound: How Eight Technologies Made Us Human, Transformed Society, and Brought Our World to the Brink",5384,1
Tsubasa: WoRLD CHRoNiCLE 2 (Tsubasa WoRLD CHRoNiCLE #2),3435,1
Throwing Rocks at the Google Bus: How Growth Became the Enemy of Prosperity,6566,3
This One Summer,4112,4
Thirst,3643,5
The Torch Is Passed: A Harding Family Story,4027,1
The Secret of Dreadwillow Carse,11843,1
"The Pioneer Woman Cooks: Dinnertime: Comfort Classics, Freezer Food, 16-Minute Meals, and Other Delicious Ways to Solve Supper!",11902,1
The Past Never Ends,11921,4
The Natural History of Us (The Fine Art of Pretending #2),9541,3
